-- --------------------------------------------------------
-- 主机:                           tangniemysql.mysql.rds.aliyuncs.com
-- 服务器版本:                        5.5.18 - Source distribution
-- 服务器操作系统:                      Linux
-- HeidiSQL 版本:                  8.3.0.4694
-- --------------------------------------------------------

/*!40101 SET @OLD_CHARACTER_SET_CLIENT=@@CHARACTER_SET_CLIENT */;
/*!40101 SET NAMES utf8 */;
/*!40014 SET @OLD_FOREIGN_KEY_CHECKS=@@FOREIGN_KEY_CHECKS, FOREIGN_KEY_CHECKS=0 */;
/*!40101 SET @OLD_SQL_MODE=@@SQL_MODE, SQL_MODE='NO_AUTO_VALUE_ON_ZERO' */;

-- 导出 laperla 的数据库结构
DROP DATABASE IF EXISTS `laperla`;
CREATE DATABASE IF NOT EXISTS `laperla` /*!40100 DEFAULT CHARACTER SET utf8 */;
USE `laperla`;


-- 导出  表 laperla.districtinfo 结构
DROP TABLE IF EXISTS `districtinfo`;
CREATE TABLE IF NOT EXISTS `districtinfo` (
  `DistrictId` bigint(20) NOT NULL AUTO_INCREMENT COMMENT '自增主键',
  `Country` varchar(45) NOT NULL COMMENT '国家',
  `State` varchar(45) NOT NULL COMMENT '省',
  `City` varchar(45) NOT NULL COMMENT '城市',
  `DataChange_CreateTime` timestamp NOT NULL DEFAULT '0000-00-00 00:00:00' COMMENT '创建时间',
  `DataChange_LastTime` timestamp NOT NULL DEFAULT CURRENT_TIMESTAMP ON UPDATE CURRENT_TIMESTAMP COMMENT '最后更新时间',
  PRIMARY KEY (`DistrictId`),
  KEY `Index_DataChange_LastTime` (`DataChange_LastTime`) USING BTREE
) ENGINE=InnoDB AUTO_INCREMENT=2 DEFAULT CHARSET=utf8 COMMENT='地区表';

-- 正在导出表  laperla.districtinfo 的数据：~1 rows (大约)
/*!40000 ALTER TABLE `districtinfo` DISABLE KEYS */;
INSERT INTO `districtinfo` (`DistrictId`, `Country`, `State`, `City`, `DataChange_CreateTime`, `DataChange_LastTime`) VALUES
	(1, '中国', '北京', '北京', '0000-00-00 00:00:00', '2014-09-25 23:17:37');
/*!40000 ALTER TABLE `districtinfo` ENABLE KEYS */;


-- 导出  表 laperla.employeeinfo 结构
DROP TABLE IF EXISTS `employeeinfo`;
CREATE TABLE IF NOT EXISTS `employeeinfo` (
  `EmployeeId` bigint(20) NOT NULL AUTO_INCREMENT COMMENT '自增主键',
  `ChineseName` varchar(45) DEFAULT NULL COMMENT '中文名',
  `EnglishName` varchar(45) DEFAULT NULL COMMENT '英文名',
  `PositionId` bigint(20) NOT NULL COMMENT '职位Id',
  `ShopId` bigint(20) NOT NULL DEFAULT '0' COMMENT '店铺Id',
  `DataChange_CreateTime` timestamp NOT NULL DEFAULT '0000-00-00 00:00:00' COMMENT '创建时间',
  `DataChange_LastTime` timestamp NOT NULL DEFAULT CURRENT_TIMESTAMP ON UPDATE CURRENT_TIMESTAMP COMMENT '最后更新时间',
  PRIMARY KEY (`EmployeeId`),
  KEY `Index_DataChange_LastTime` (`DataChange_LastTime`) USING BTREE
) ENGINE=InnoDB AUTO_INCREMENT=8 DEFAULT CHARSET=utf8 COMMENT='员工表';

-- 正在导出表  laperla.employeeinfo 的数据：~7 rows (大约)
/*!40000 ALTER TABLE `employeeinfo` DISABLE KEYS */;
INSERT INTO `employeeinfo` (`EmployeeId`, `ChineseName`, `EnglishName`, `PositionId`, `ShopId`, `DataChange_CreateTime`, `DataChange_LastTime`) VALUES
	(1, 'Liz', 'Liz', 1, 1, '0000-00-00 00:00:00', '2014-09-25 23:17:38'),
	(2, 'Ellen', 'Ellen', 2, 1, '0000-00-00 00:00:00', '2014-09-25 23:17:38'),
	(3, 'Nissa Li', 'Nissa Li', 4, 1, '0000-00-00 00:00:00', '2014-09-25 23:17:39'),
	(4, 'Carol Chen', 'Carol Chen', 4, 1, '0000-00-00 00:00:00', '2014-09-25 23:17:39'),
	(5, 'Summer Wang', 'Summer Wang', 4, 1, '0000-00-00 00:00:00', '2014-09-25 23:17:39'),
	(6, 'Anna', 'Anna', 4, 1, '0000-00-00 00:00:00', '2014-09-25 23:17:39'),
	(7, 'Lisa Wang', 'Lisa Wang', 5, 1, '0000-00-00 00:00:00', '2014-09-25 23:17:39');
/*!40000 ALTER TABLE `employeeinfo` ENABLE KEYS */;


-- 导出  表 laperla.employeesaleinfo 结构
DROP TABLE IF EXISTS `employeesaleinfo`;
CREATE TABLE IF NOT EXISTS `employeesaleinfo` (
  `EmployeeSaleId` bigint(20) NOT NULL AUTO_INCREMENT COMMENT '自增主键',
  `EmployeeId` bigint(20) NOT NULL DEFAULT '0' COMMENT '员工Id',
  `ShopId` bigint(20) NOT NULL DEFAULT '0' COMMENT '店铺Id',
  `Week` int(11) NOT NULL DEFAULT '0' COMMENT '周序列',
  `TargetSale` double NOT NULL DEFAULT '0' COMMENT '目标周销售额',
  `ActualSale` double NOT NULL DEFAULT '0' COMMENT '实际周销售额',
  `Sale` double NOT NULL DEFAULT '0' COMMENT '销售额',
  `Days` int(11) NOT NULL DEFAULT '0' COMMENT '缺勤天数',
  `Month` varchar(50) NOT NULL DEFAULT '0000-00' COMMENT '生效月份 ',
  `DataChange_CreateTime` timestamp NOT NULL DEFAULT '0000-00-00 00:00:00' COMMENT '创建时间',
  `DataChange_LastTime` timestamp NOT NULL DEFAULT CURRENT_TIMESTAMP ON UPDATE CURRENT_TIMESTAMP COMMENT '最后更新时间',
  PRIMARY KEY (`EmployeeSaleId`),
  KEY `Index_DataChange_LastTime` (`DataChange_LastTime`) USING BTREE
) ENGINE=InnoDB AUTO_INCREMENT=43 DEFAULT CHARSET=utf8 COMMENT='员工销售额表';

-- 正在导出表  laperla.employeesaleinfo 的数据：~42 rows (大约)
/*!40000 ALTER TABLE `employeesaleinfo` DISABLE KEYS */;
INSERT INTO `employeesaleinfo` (`EmployeeSaleId`, `EmployeeId`, `ShopId`, `Week`, `TargetSale`, `ActualSale`, `Sale`, `Days`, `Month`, `DataChange_CreateTime`, `DataChange_LastTime`) VALUES
	(1, 1, 1, 22, 0, 0, 0, 0, '2014-06', '0000-00-00 00:00:00', '2014-09-25 23:17:39'),
	(2, 1, 1, 23, 0, 0, 0, 0, '2014-06', '0000-00-00 00:00:00', '2014-09-25 23:17:39'),
	(3, 1, 1, 24, 0, 0, 0, 0, '2014-06', '0000-00-00 00:00:00', '2014-09-25 23:17:40'),
	(4, 1, 1, 25, 0, 0, 0, 0, '2014-06', '0000-00-00 00:00:00', '2014-09-25 23:17:40'),
	(5, 1, 1, 26, 0, 0, 0, 0, '2014-06', '0000-00-00 00:00:00', '2014-09-25 23:17:40'),
	(6, 1, 1, 27, 0, 0, 0, 0, '2014-06', '0000-00-00 00:00:00', '2014-09-25 23:17:40'),
	(7, 2, 1, 22, 0, 0, 0, 0, '2014-06', '0000-00-00 00:00:00', '2014-09-25 23:17:40'),
	(8, 2, 1, 23, 0, 0, 0, 0, '2014-06', '0000-00-00 00:00:00', '2014-09-25 23:17:40'),
	(9, 2, 1, 24, 23057, 0, 0, 0, '2014-06', '0000-00-00 00:00:00', '2014-09-25 23:17:40'),
	(10, 2, 1, 25, 23057, 23654, 0, 0, '2014-06', '0000-00-00 00:00:00', '2014-09-25 23:17:40'),
	(11, 2, 1, 26, 23057, 46142, 0, 0, '2014-06', '0000-00-00 00:00:00', '2014-09-25 23:17:40'),
	(12, 2, 1, 27, 2812, 2205, 0, 0, '2014-06', '0000-00-00 00:00:00', '2014-09-25 23:17:40'),
	(13, 3, 1, 22, 5423, 0, 0, 0, '2014-06', '0000-00-00 00:00:00', '2014-09-25 23:17:40'),
	(14, 3, 1, 23, 33311, 1806, 0, 0, '2014-06', '0000-00-00 00:00:00', '2014-09-25 23:17:40'),
	(15, 3, 1, 24, 26350, 20195, 0, 0, '2014-06', '0000-00-00 00:00:00', '2014-09-25 23:17:40'),
	(16, 3, 1, 25, 26350, 29784, 0, 0, '2014-06', '0000-00-00 00:00:00', '2014-09-25 23:17:40'),
	(17, 3, 1, 26, 26350, 25305, 0, 0, '2014-06', '0000-00-00 00:00:00', '2014-09-25 23:17:41'),
	(18, 3, 1, 27, 3213, 2450, 0, 0, '2014-06', '0000-00-00 00:00:00', '2014-09-25 23:17:41'),
	(19, 4, 1, 22, 5429, 38428, 0, 0, '2014-06', '0000-00-00 00:00:00', '2014-09-25 23:17:41'),
	(20, 4, 1, 23, 33311, 5557, 0, 0, '2014-06', '0000-00-00 00:00:00', '2014-09-25 23:17:41'),
	(21, 4, 1, 24, 26350, 26050, 0, 0, '2014-06', '0000-00-00 00:00:00', '2014-09-25 23:17:41'),
	(22, 4, 1, 25, 26350, 20149, 0, 0, '2014-06', '0000-00-00 00:00:00', '2014-09-25 23:17:41'),
	(23, 4, 1, 26, 26350, 6740, 0, 0, '2014-06', '0000-00-00 00:00:00', '2014-09-25 23:17:41'),
	(24, 4, 1, 27, 3213, 0, 0, 0, '2014-06', '0000-00-00 00:00:00', '2014-09-25 23:17:41'),
	(25, 5, 1, 22, 5423, 7170, 0, 0, '2014-06', '0000-00-00 00:00:00', '2014-09-25 23:17:41'),
	(26, 5, 1, 23, 33311, 6438, 0, 0, '2014-06', '0000-00-00 00:00:00', '2014-09-25 23:17:41'),
	(27, 5, 1, 24, 26350, 1882, 0, 0, '2014-06', '0000-00-00 00:00:00', '2014-09-25 23:17:41'),
	(28, 5, 1, 25, 26350, 26375, 0, 0, '2014-06', '0000-00-00 00:00:00', '2014-09-25 23:17:41'),
	(29, 5, 1, 26, 26350, 7435, 0, 0, '2014-06', '0000-00-00 00:00:00', '2014-09-25 23:17:41'),
	(30, 5, 1, 27, 3213, 0, 0, 0, '2014-06', '0000-00-00 00:00:00', '2014-09-25 23:17:41'),
	(31, 6, 1, 22, 4519, 2050, 0, 0, '2014-06', '0000-00-00 00:00:00', '2014-09-25 23:17:42'),
	(32, 6, 1, 23, 27759, 22285, 0, 0, '2014-06', '0000-00-00 00:00:00', '2014-09-25 23:17:42'),
	(33, 6, 1, 24, 23057, 27013, 0, 0, '2014-06', '0000-00-00 00:00:00', '2014-09-25 23:17:42'),
	(34, 6, 1, 25, 23057, 16139, 0, 0, '2014-06', '0000-00-00 00:00:00', '2014-09-25 23:17:42'),
	(35, 6, 1, 26, 23057, 47575, 0, 0, '2014-06', '0000-00-00 00:00:00', '2014-09-25 23:17:42'),
	(36, 6, 1, 27, 2811, 0, 0, 0, '2014-06', '0000-00-00 00:00:00', '2014-09-25 23:17:42'),
	(37, 7, 1, 22, 4519, 0, 0, 0, '2014-06', '0000-00-00 00:00:00', '2014-09-25 23:17:42'),
	(38, 7, 1, 23, 27759, 30465, 0, 0, '2014-06', '0000-00-00 00:00:00', '2014-09-25 23:17:42'),
	(39, 7, 1, 24, 23057, 4883, 0, 0, '2014-06', '0000-00-00 00:00:00', '2014-09-25 23:17:42'),
	(40, 7, 1, 25, 23057, 11019, 0, 0, '2014-06', '0000-00-00 00:00:00', '2014-09-25 23:17:42'),
	(41, 7, 1, 26, 23057, 23305, 0, 0, '2014-06', '0000-00-00 00:00:00', '2014-09-25 23:17:42'),
	(42, 7, 1, 27, 2811, 0, 0, 0, '2014-06', '0000-00-00 00:00:00', '2014-09-25 23:17:42');
/*!40000 ALTER TABLE `employeesaleinfo` ENABLE KEYS */;


-- 导出  表 laperla.employeetypesaleinfo 结构
DROP TABLE IF EXISTS `employeetypesaleinfo`;
CREATE TABLE IF NOT EXISTS `employeetypesaleinfo` (
  `EmployeeTypeSaleId` bigint(20) NOT NULL AUTO_INCREMENT COMMENT '自增主键',
  `EmployeeId` bigint(20) NOT NULL DEFAULT '0' COMMENT '员工Id',
  `ShopId` bigint(20) NOT NULL DEFAULT '0' COMMENT '店铺Id',
  `SaleType` tinyint(4) NOT NULL DEFAULT '0' COMMENT '销售类型',
  `Target` double NOT NULL DEFAULT '0' COMMENT '目标销售额',
  `Actual` double NOT NULL DEFAULT '0' COMMENT '实际销售额',
  `Month` varchar(50) NOT NULL DEFAULT '0000-00' COMMENT '生效月份 ',
  `DataChange_CreateTime` timestamp NOT NULL DEFAULT '0000-00-00 00:00:00' COMMENT '创建时间',
  `DataChange_LastTime` timestamp NOT NULL DEFAULT CURRENT_TIMESTAMP ON UPDATE CURRENT_TIMESTAMP COMMENT '最后更新时间',
  PRIMARY KEY (`EmployeeTypeSaleId`),
  KEY `Index_DataChange_LastTime` (`DataChange_LastTime`) USING BTREE
) ENGINE=InnoDB DEFAULT CHARSET=utf8 ROW_FORMAT=COMPACT COMMENT='员工类型销售额表';

-- 正在导出表  laperla.employeetypesaleinfo 的数据：~0 rows (大约)
/*!40000 ALTER TABLE `employeetypesaleinfo` DISABLE KEYS */;
/*!40000 ALTER TABLE `employeetypesaleinfo` ENABLE KEYS */;


-- 导出  表 laperla.positioninfo 结构
DROP TABLE IF EXISTS `positioninfo`;
CREATE TABLE IF NOT EXISTS `positioninfo` (
  `PositionId` bigint(20) NOT NULL AUTO_INCREMENT COMMENT '自增主键',
  `ShopId` bigint(20) NOT NULL DEFAULT '0' COMMENT '店铺Id',
  `DistrictId` bigint(20) NOT NULL DEFAULT '0' COMMENT '地区Id',
  `PositionName` varchar(100) NOT NULL DEFAULT 'Default' COMMENT '职位名',
  `DataChange_CreateTime` timestamp NOT NULL DEFAULT '0000-00-00 00:00:00' COMMENT '创建时间',
  `DataChange_LastTime` timestamp NOT NULL DEFAULT CURRENT_TIMESTAMP ON UPDATE CURRENT_TIMESTAMP COMMENT '最后更新时间',
  PRIMARY KEY (`PositionId`),
  KEY `Index_DataChange_LastTime` (`DataChange_LastTime`) USING BTREE
) ENGINE=InnoDB AUTO_INCREMENT=6 DEFAULT CHARSET=utf8 COMMENT='职位表';

-- 正在导出表  laperla.positioninfo 的数据：~5 rows (大约)
/*!40000 ALTER TABLE `positioninfo` DISABLE KEYS */;
INSERT INTO `positioninfo` (`PositionId`, `ShopId`, `DistrictId`, `PositionName`, `DataChange_CreateTime`, `DataChange_LastTime`) VALUES
	(1, 0, 1, 'Shop Manager', '0000-00-00 00:00:00', '2014-09-25 23:17:38'),
	(2, 0, 1, 'SIC', '0000-00-00 00:00:00', '2014-09-25 23:17:38'),
	(3, 0, 1, 'Supervisor', '0000-00-00 00:00:00', '2014-09-25 23:17:38'),
	(4, 0, 1, 'Senior Sales Associate', '0000-00-00 00:00:00', '2014-09-25 23:17:38'),
	(5, 0, 1, 'Sales Associate', '0000-00-00 00:00:00', '2014-09-25 23:17:38');
/*!40000 ALTER TABLE `positioninfo` ENABLE KEYS */;


-- 导出  表 laperla.ruleinfo 结构
DROP TABLE IF EXISTS `ruleinfo`;
CREATE TABLE IF NOT EXISTS `ruleinfo` (
  `RuleId` bigint(20) NOT NULL AUTO_INCREMENT COMMENT '自增主键',
  `PositionId` bigint(20) NOT NULL DEFAULT '0' COMMENT '职位Id',
  `ShopId` bigint(20) NOT NULL DEFAULT '0' COMMENT '店铺Id',
  `RuleType` tinyint(4) NOT NULL DEFAULT '0' COMMENT '规则类型',
  `RuleOrder` tinyint(4) NOT NULL DEFAULT '0' COMMENT '计算序列',
  `RuleDescription` varchar(200) DEFAULT NULL COMMENT '规则描述',
  `Bonus` double NOT NULL DEFAULT '0' COMMENT '提成金额',
  `OperationType` tinyint(4) NOT NULL DEFAULT '0' COMMENT '计算操作类型',
  `OperationValue` double NOT NULL DEFAULT '0' COMMENT '比较值',
  `OperationMaxValue` double NOT NULL DEFAULT '0' COMMENT '比较最大值',
  `OperationMinValue` double NOT NULL DEFAULT '0' COMMENT '比较最小值',
  `DataChange_CreateTime` timestamp NOT NULL DEFAULT '0000-00-00 00:00:00' COMMENT '创建时间',
  `DataChange_LastTime` timestamp NOT NULL DEFAULT CURRENT_TIMESTAMP ON UPDATE CURRENT_TIMESTAMP COMMENT '最后更新时间',
  PRIMARY KEY (`RuleId`),
  KEY `Index_DataChange_LastTime` (`DataChange_LastTime`) USING BTREE
) ENGINE=InnoDB AUTO_INCREMENT=389 DEFAULT CHARSET=utf8 COMMENT='提成规则表';

-- 正在导出表  laperla.ruleinfo 的数据：~342 rows (大约)
/*!40000 ALTER TABLE `ruleinfo` DISABLE KEYS */;
INSERT INTO `ruleinfo` (`RuleId`, `PositionId`, `ShopId`, `RuleType`, `RuleOrder`, `RuleDescription`, `Bonus`, `OperationType`, `OperationValue`, `OperationMaxValue`, `OperationMinValue`, `DataChange_CreateTime`, `DataChange_LastTime`) VALUES
	(1, 1, 1, 0, 4, '70% to 100%', 0, 4, 0, 1, 0.7, '0000-00-00 00:00:00', '2014-09-25 23:17:42'),
	(2, 1, 1, 0, 3, '100%', 3000, 5, 1, 0, 0, '0000-00-00 00:00:00', '2014-09-25 23:17:42'),
	(3, 1, 1, 0, 2, '100%', 5000, 1, 1, 0, 0, '0000-00-00 00:00:00', '2014-09-25 23:17:43'),
	(4, 1, 1, 0, 1, '120%', 12000, 1, 1.2, 0, 0, '0000-00-00 00:00:00', '2014-09-25 23:17:43'),
	(5, 2, 1, 0, 4, '70% to 100%', 800, 4, 0, 1, 0.7, '0000-00-00 00:00:00', '2014-09-25 23:17:43'),
	(6, 2, 1, 0, 3, '100%', 1000, 5, 1, 0, 0, '0000-00-00 00:00:00', '2014-09-25 23:17:43'),
	(7, 2, 1, 0, 2, '100%', 1150, 1, 1, 0, 0, '0000-00-00 00:00:00', '2014-09-25 23:17:43'),
	(8, 2, 1, 0, 1, '120%', 1500, 1, 1.2, 0, 0, '0000-00-00 00:00:00', '2014-09-25 23:17:43'),
	(9, 3, 1, 0, 4, '70% to 100%', 600, 4, 0, 1, 0.7, '0000-00-00 00:00:00', '2014-09-25 23:17:43'),
	(10, 3, 1, 0, 3, '100%', 800, 5, 1, 0, 0, '0000-00-00 00:00:00', '2014-09-25 23:17:43'),
	(11, 3, 1, 0, 2, '100%', 865, 1, 1, 0, 0, '0000-00-00 00:00:00', '2014-09-25 23:17:43'),
	(12, 3, 1, 0, 1, '120%', 1500, 1, 1.2, 0, 0, '0000-00-00 00:00:00', '2014-09-25 23:17:43'),
	(13, 4, 1, 0, 4, '70% to 100%', 400, 4, 0, 1, 0.7, '0000-00-00 00:00:00', '2014-09-25 23:17:43'),
	(14, 4, 1, 0, 3, '100%', 550, 5, 1, 0, 0, '0000-00-00 00:00:00', '2014-09-25 23:17:43'),
	(15, 4, 1, 0, 2, '100%', 550, 1, 1, 0, 0, '0000-00-00 00:00:00', '2014-09-25 23:17:43'),
	(16, 4, 1, 0, 1, '120%', 1500, 1, 1.2, 0, 0, '0000-00-00 00:00:00', '2014-09-25 23:17:43'),
	(17, 5, 1, 0, 4, '70% to 100%', 300, 4, 0, 1, 0.7, '0000-00-00 00:00:00', '2014-09-25 23:17:43'),
	(18, 5, 1, 0, 3, '100%', 400, 5, 1, 0, 0, '0000-00-00 00:00:00', '2014-09-25 23:17:44'),
	(19, 5, 1, 0, 2, '100%', 450, 1, 1, 0, 0, '0000-00-00 00:00:00', '2014-09-25 23:17:44'),
	(20, 5, 1, 0, 1, '120%', 1500, 1, 1.2, 0, 0, '0000-00-00 00:00:00', '2014-09-25 23:17:44'),
	(21, 1, 1, 1, 2, '80% to 99%', 0, 4, 0, 0.99, 0.8, '0000-00-00 00:00:00', '2014-09-25 23:17:44'),
	(22, 1, 1, 1, 1, '100% or Above', 2000, 4, 0, 10, 1, '0000-00-00 00:00:00', '2014-09-25 23:17:44'),
	(23, 2, 1, 1, 2, '80% to 99%', 900, 4, 0, 0.99, 0.8, '0000-00-00 00:00:00', '2014-09-25 23:17:44'),
	(24, 2, 1, 1, 1, '100% or Above', 1000, 4, 0, 10, 1, '0000-00-00 00:00:00', '2014-09-25 23:17:44'),
	(25, 3, 1, 1, 2, '80% to 99%', 600, 4, 0, 0.99, 0.8, '0000-00-00 00:00:00', '2014-09-25 23:17:44'),
	(26, 3, 1, 1, 1, '100% or Above', 800, 4, 0, 10, 1, '0000-00-00 00:00:00', '2014-09-25 23:17:44'),
	(27, 4, 1, 1, 2, '80% to 99%', 500, 4, 0, 0.99, 0.8, '0000-00-00 00:00:00', '2014-09-25 23:17:44'),
	(28, 4, 1, 1, 1, '100% or Above', 500, 4, 0, 10, 1, '0000-00-00 00:00:00', '2014-09-25 23:17:44'),
	(29, 5, 1, 1, 2, '80% to 99%', 400, 4, 0, 0.99, 0.8, '0000-00-00 00:00:00', '2014-09-25 23:17:44'),
	(30, 5, 1, 1, 1, '100% or Above', 400, 4, 0, 10, 1, '0000-00-00 00:00:00', '2014-09-25 23:17:44'),
	(31, 1, 1, 3, 3, '80% to 99%', 0, 4, 0, 0.99, 0.8, '0000-00-00 00:00:00', '2014-09-25 23:17:45'),
	(32, 1, 1, 3, 2, '100%', 0, 5, 1, 0, 0, '0000-00-00 00:00:00', '2014-09-25 23:17:45'),
	(33, 1, 1, 3, 1, 'Above 100%', 0, 1, 1, 0, 0, '0000-00-00 00:00:00', '2014-09-25 23:17:45'),
	(34, 2, 1, 3, 3, '80% to 99%', 0.004, 4, 0, 0.99, 0.8, '0000-00-00 00:00:00', '2014-09-25 23:17:45'),
	(35, 2, 1, 3, 2, '100%', 0.009, 5, 1, 0, 0, '0000-00-00 00:00:00', '2014-09-25 23:17:45'),
	(36, 2, 1, 3, 1, 'Above 100%', 0.011, 1, 1, 0, 0, '0000-00-00 00:00:00', '2014-09-25 23:17:45'),
	(37, 3, 1, 3, 3, '80% to 99%', 0.004, 4, 0, 0.99, 0.8, '0000-00-00 00:00:00', '2014-09-25 23:17:45'),
	(38, 3, 1, 3, 2, '100%', 0.009, 5, 1, 0, 0, '0000-00-00 00:00:00', '2014-09-25 23:17:45'),
	(39, 3, 1, 3, 1, 'Above 100%', 0.011, 1, 1, 0, 0, '0000-00-00 00:00:00', '2014-09-25 23:17:45'),
	(40, 4, 1, 3, 3, '80% to 99%', 0.004, 4, 0, 0.99, 0.8, '0000-00-00 00:00:00', '2014-09-25 23:17:45'),
	(41, 4, 1, 3, 2, '100%', 0.009, 5, 1, 0, 0, '0000-00-00 00:00:00', '2014-09-25 23:17:45'),
	(42, 4, 1, 3, 1, 'Above 100%', 0.011, 1, 1, 0, 0, '0000-00-00 00:00:00', '2014-09-25 23:17:45'),
	(43, 5, 1, 3, 3, '80% to 99%', 0.004, 4, 0, 0.99, 0.8, '0000-00-00 00:00:00', '2014-09-25 23:17:45'),
	(44, 5, 1, 3, 2, '100%', 0.009, 5, 1, 0, 0, '0000-00-00 00:00:00', '2014-09-25 23:17:45'),
	(45, 5, 1, 3, 1, 'Above 100%', 0.011, 1, 1, 0, 0, '0000-00-00 00:00:00', '2014-09-25 23:17:46'),
	(46, 1, 1, 2, 3, '70% to 100%', 0, 4, 0, 0.7, 1, '0000-00-00 00:00:00', '2014-09-25 23:17:46'),
	(47, 1, 1, 2, 2, '100%', 0, 5, 1, 0, 0, '0000-00-00 00:00:00', '2014-09-25 23:17:46'),
	(48, 1, 1, 2, 1, 'Above 100%', 0, 1, 1, 0, 0, '0000-00-00 00:00:00', '2014-09-25 23:17:46'),
	(49, 2, 1, 2, 3, '70% to 100%', 0.008, 4, 0, 0.7, 1, '0000-00-00 00:00:00', '2014-09-25 23:17:46'),
	(50, 2, 1, 2, 2, '100%', 0.018, 5, 1, 0, 0, '0000-00-00 00:00:00', '2014-09-25 23:17:46'),
	(51, 2, 1, 2, 1, 'Above 100%', 0.02, 1, 1, 0, 0, '0000-00-00 00:00:00', '2014-09-25 23:17:46'),
	(52, 3, 1, 2, 3, '70% to 100%', 0.008, 4, 0, 0.7, 1, '0000-00-00 00:00:00', '2014-09-25 23:17:46'),
	(53, 3, 1, 2, 2, '100%', 0.018, 5, 1, 0, 0, '0000-00-00 00:00:00', '2014-09-25 23:17:46'),
	(54, 3, 1, 2, 1, 'Above 100%', 0.02, 1, 1, 0, 0, '0000-00-00 00:00:00', '2014-09-25 23:17:46'),
	(55, 4, 1, 2, 3, '70% to 100%', 0.008, 4, 0, 0.7, 1, '0000-00-00 00:00:00', '2014-09-25 23:17:46'),
	(56, 4, 1, 2, 2, '100%', 0.018, 5, 1, 0, 0, '0000-00-00 00:00:00', '2014-09-25 23:17:46'),
	(57, 4, 1, 2, 1, 'Above 100%', 0.02, 1, 1, 0, 0, '0000-00-00 00:00:00', '2014-09-25 23:17:46'),
	(58, 5, 1, 2, 3, '70% to 100%', 0.008, 4, 0, 0.7, 1, '0000-00-00 00:00:00', '2014-09-25 23:17:46'),
	(59, 5, 1, 2, 2, '100%', 0.018, 5, 1, 0, 0, '0000-00-00 00:00:00', '2014-09-25 23:17:47'),
	(60, 5, 1, 2, 1, 'Above 100%', 0.02, 1, 1, 0, 0, '0000-00-00 00:00:00', '2014-09-25 23:17:47'),
	(61, 1, 1, 4, 2, '100%', 0, 5, 1, 0, 0, '0000-00-00 00:00:00', '2014-09-25 23:17:47'),
	(62, 1, 1, 4, 1, 'Above 100%', 0, 1, 1, 0, 0, '0000-00-00 00:00:00', '2014-09-25 23:17:47'),
	(63, 2, 1, 4, 2, '100%', 500, 5, 1, 0, 0, '0000-00-00 00:00:00', '2014-09-25 23:17:47'),
	(64, 2, 1, 4, 1, 'Above 100%', 700, 1, 1, 0, 0, '0000-00-00 00:00:00', '2014-09-25 23:17:47'),
	(65, 3, 1, 4, 2, '100%', 400, 5, 1, 0, 0, '0000-00-00 00:00:00', '2014-09-25 23:17:47'),
	(66, 3, 1, 4, 1, 'Above 100%', 600, 1, 1, 0, 0, '0000-00-00 00:00:00', '2014-09-25 23:17:47'),
	(67, 4, 1, 4, 2, '100%', 300, 5, 1, 0, 0, '0000-00-00 00:00:00', '2014-09-25 23:17:47'),
	(68, 4, 1, 4, 1, 'Above 100%', 500, 1, 1, 0, 0, '0000-00-00 00:00:00', '2014-09-25 23:17:47'),
	(69, 5, 1, 4, 2, '100%', 200, 5, 1, 0, 0, '0000-00-00 00:00:00', '2014-09-25 23:17:47'),
	(70, 5, 1, 4, 1, 'Above 100%', 400, 1, 1, 0, 0, '0000-00-00 00:00:00', '2014-09-25 23:17:47'),
	(71, 1, 1, 5, 2, '100%', 600, 5, 1, 0, 0, '0000-00-00 00:00:00', '2014-09-25 23:17:47'),
	(72, 1, 1, 5, 1, 'Above 100%', 800, 1, 1, 0, 0, '0000-00-00 00:00:00', '2014-09-25 23:17:47'),
	(73, 2, 1, 5, 2, '100%', 100, 5, 1, 0, 0, '0000-00-00 00:00:00', '2014-09-25 23:17:48'),
	(74, 2, 1, 5, 1, 'Above 100%', 200, 1, 1, 0, 0, '0000-00-00 00:00:00', '2014-09-25 23:17:48'),
	(75, 3, 1, 5, 2, '100%', 100, 5, 1, 0, 0, '0000-00-00 00:00:00', '2014-09-25 23:17:48'),
	(76, 3, 1, 5, 1, 'Above 100%', 200, 1, 1, 0, 0, '0000-00-00 00:00:00', '2014-09-25 23:17:48'),
	(77, 4, 1, 5, 2, '100%', 100, 5, 1, 0, 0, '0000-00-00 00:00:00', '2014-09-25 23:17:48'),
	(78, 4, 1, 5, 1, 'Above 100%', 200, 1, 1, 0, 0, '0000-00-00 00:00:00', '2014-09-25 23:17:48'),
	(79, 5, 1, 5, 2, '100%', 100, 5, 1, 0, 0, '0000-00-00 00:00:00', '2014-09-25 23:17:48'),
	(80, 5, 1, 5, 1, 'Above 100%', 200, 1, 1, 0, 0, '0000-00-00 00:00:00', '2014-09-25 23:17:48'),
	(81, 1, 1, 6, 1, '', 0, 5, 0, 0, 0, '0000-00-00 00:00:00', '2014-09-25 23:17:48'),
	(82, 2, 1, 6, 1, '', 300, 5, 0, 0, 0, '0000-00-00 00:00:00', '2014-09-25 23:17:48'),
	(83, 3, 1, 6, 1, '', 300, 5, 0, 0, 0, '0000-00-00 00:00:00', '2014-09-25 23:17:48'),
	(84, 4, 1, 6, 1, '', 300, 5, 0, 0, 0, '0000-00-00 00:00:00', '2014-09-25 23:17:48'),
	(85, 5, 1, 6, 1, '', 300, 5, 0, 0, 0, '0000-00-00 00:00:00', '2014-09-25 23:17:48'),
	(86, 1, 2, 0, 4, '70% to 100%', 0, 4, 0, 1, 0.7, '0000-00-00 00:00:00', '2014-09-25 23:17:48'),
	(87, 1, 2, 0, 3, '100%', 3000, 5, 1, 0, 0, '0000-00-00 00:00:00', '2014-09-25 23:17:49'),
	(88, 1, 2, 0, 2, '100%', 5000, 1, 1, 0, 0, '0000-00-00 00:00:00', '2014-09-25 23:17:49'),
	(89, 1, 2, 0, 1, '120%', 12000, 1, 1.2, 0, 0, '0000-00-00 00:00:00', '2014-09-25 23:17:49'),
	(90, 2, 2, 0, 4, '70% to 100%', 800, 4, 0, 1, 0.7, '0000-00-00 00:00:00', '2014-09-25 23:17:49'),
	(91, 2, 2, 0, 3, '100%', 1000, 5, 1, 0, 0, '0000-00-00 00:00:00', '2014-09-25 23:17:49'),
	(92, 2, 2, 0, 2, '100%', 1150, 1, 1, 0, 0, '0000-00-00 00:00:00', '2014-09-25 23:17:49'),
	(93, 2, 2, 0, 1, '120%', 1500, 1, 1.2, 0, 0, '0000-00-00 00:00:00', '2014-09-25 23:17:49'),
	(94, 3, 2, 0, 4, '70% to 100%', 600, 4, 0, 1, 0.7, '0000-00-00 00:00:00', '2014-09-25 23:17:49'),
	(95, 3, 2, 0, 3, '100%', 800, 5, 1, 0, 0, '0000-00-00 00:00:00', '2014-09-25 23:17:49'),
	(96, 3, 2, 0, 2, '100%', 865, 1, 1, 0, 0, '0000-00-00 00:00:00', '2014-09-25 23:17:49'),
	(97, 3, 2, 0, 1, '120%', 1500, 1, 1.2, 0, 0, '0000-00-00 00:00:00', '2014-09-25 23:17:49'),
	(98, 4, 2, 0, 4, '70% to 100%', 400, 4, 0, 1, 0.7, '0000-00-00 00:00:00', '2014-09-25 23:17:49'),
	(99, 4, 2, 0, 3, '100%', 550, 5, 1, 0, 0, '0000-00-00 00:00:00', '2014-09-25 23:17:49'),
	(100, 4, 2, 0, 2, '100%', 550, 1, 1, 0, 0, '0000-00-00 00:00:00', '2014-09-25 23:17:49'),
	(101, 4, 2, 0, 1, '120%', 1500, 1, 1.2, 0, 0, '0000-00-00 00:00:00', '2014-09-25 23:17:50'),
	(102, 5, 2, 0, 4, '70% to 100%', 300, 4, 0, 1, 0.7, '0000-00-00 00:00:00', '2014-09-25 23:17:50'),
	(103, 5, 2, 0, 3, '100%', 400, 5, 1, 0, 0, '0000-00-00 00:00:00', '2014-09-25 23:17:50'),
	(104, 5, 2, 0, 2, '100%', 450, 1, 1, 0, 0, '0000-00-00 00:00:00', '2014-09-25 23:17:50'),
	(105, 5, 2, 0, 1, '120%', 1500, 1, 1.2, 0, 0, '0000-00-00 00:00:00', '2014-09-25 23:17:50'),
	(106, 1, 2, 1, 2, '80% to 99%', 0, 4, 0, 0.99, 0.8, '0000-00-00 00:00:00', '2014-09-25 23:17:50'),
	(107, 1, 2, 1, 1, '100% or Above', 2000, 4, 0, 10, 1, '0000-00-00 00:00:00', '2014-09-25 23:17:50'),
	(108, 2, 2, 1, 2, '80% to 99%', 900, 4, 0, 0.99, 0.8, '0000-00-00 00:00:00', '2014-09-25 23:17:50'),
	(109, 2, 2, 1, 1, '100% or Above', 1000, 4, 0, 10, 1, '0000-00-00 00:00:00', '2014-09-25 23:17:50'),
	(110, 3, 2, 1, 2, '80% to 99%', 600, 4, 0, 0.99, 0.8, '0000-00-00 00:00:00', '2014-09-25 23:17:50'),
	(111, 3, 2, 1, 1, '100% or Above', 800, 4, 0, 10, 1, '0000-00-00 00:00:00', '2014-09-25 23:17:50'),
	(112, 4, 2, 1, 2, '80% to 99%', 500, 4, 0, 0.99, 0.8, '0000-00-00 00:00:00', '2014-09-25 23:17:50'),
	(113, 4, 2, 1, 1, '100% or Above', 500, 4, 0, 10, 1, '0000-00-00 00:00:00', '2014-09-25 23:17:50'),
	(114, 5, 2, 1, 2, '80% to 99%', 400, 4, 0, 0.99, 0.8, '0000-00-00 00:00:00', '2014-09-25 23:17:50'),
	(115, 5, 2, 1, 1, '100% or Above', 400, 4, 0, 10, 1, '0000-00-00 00:00:00', '2014-09-25 23:17:50'),
	(116, 1, 2, 3, 3, '80% to 99%', 0, 4, 0, 0.99, 0.8, '0000-00-00 00:00:00', '2014-09-25 23:17:51'),
	(117, 1, 2, 3, 2, '100%', 0, 5, 1, 0, 0, '0000-00-00 00:00:00', '2014-09-25 23:17:51'),
	(118, 1, 2, 3, 1, 'Above 100%', 0, 1, 1, 0, 0, '0000-00-00 00:00:00', '2014-09-25 23:17:51'),
	(119, 2, 2, 3, 3, '80% to 99%', 0.004, 4, 0, 0.99, 0.8, '0000-00-00 00:00:00', '2014-09-25 23:17:51'),
	(120, 2, 2, 3, 2, '100%', 0.009, 5, 1, 0, 0, '0000-00-00 00:00:00', '2014-09-25 23:17:51'),
	(121, 2, 2, 3, 1, 'Above 100%', 0.011, 1, 1, 0, 0, '0000-00-00 00:00:00', '2014-09-25 23:17:51'),
	(122, 3, 2, 3, 3, '80% to 99%', 0.004, 4, 0, 0.99, 0.8, '0000-00-00 00:00:00', '2014-09-25 23:17:51'),
	(123, 3, 2, 3, 2, '100%', 0.009, 5, 1, 0, 0, '0000-00-00 00:00:00', '2014-09-25 23:17:51'),
	(124, 3, 2, 3, 1, 'Above 100%', 0.011, 1, 1, 0, 0, '0000-00-00 00:00:00', '2014-09-25 23:17:51'),
	(125, 4, 2, 3, 3, '80% to 99%', 0.004, 4, 0, 0.99, 0.8, '0000-00-00 00:00:00', '2014-09-25 23:17:51'),
	(126, 4, 2, 3, 2, '100%', 0.009, 5, 1, 0, 0, '0000-00-00 00:00:00', '2014-09-25 23:17:51'),
	(127, 4, 2, 3, 1, 'Above 100%', 0.011, 1, 1, 0, 0, '0000-00-00 00:00:00', '2014-09-25 23:17:51'),
	(128, 5, 2, 3, 3, '80% to 99%', 0.004, 4, 0, 0.99, 0.8, '0000-00-00 00:00:00', '2014-09-25 23:17:51'),
	(129, 5, 2, 3, 2, '100%', 0.009, 5, 1, 0, 0, '0000-00-00 00:00:00', '2014-09-25 23:17:51'),
	(130, 5, 2, 3, 1, 'Above 100%', 0.011, 1, 1, 0, 0, '0000-00-00 00:00:00', '2014-09-25 23:17:52'),
	(131, 1, 2, 2, 3, '70% to 100%', 0, 4, 0, 0.7, 1, '0000-00-00 00:00:00', '2014-09-25 23:17:52'),
	(132, 1, 2, 2, 2, '100%', 0, 5, 1, 0, 0, '0000-00-00 00:00:00', '2014-09-25 23:17:52'),
	(133, 1, 2, 2, 1, 'Above 100%', 0, 1, 1, 0, 0, '0000-00-00 00:00:00', '2014-09-25 23:17:52'),
	(134, 2, 2, 2, 3, '70% to 100%', 0.008, 4, 0, 0.7, 1, '0000-00-00 00:00:00', '2014-09-25 23:17:52'),
	(135, 2, 2, 2, 2, '100%', 0.018, 5, 1, 0, 0, '0000-00-00 00:00:00', '2014-09-25 23:17:52'),
	(136, 2, 2, 2, 1, 'Above 100%', 0.02, 1, 1, 0, 0, '0000-00-00 00:00:00', '2014-09-25 23:17:52'),
	(137, 3, 2, 2, 3, '70% to 100%', 0.008, 4, 0, 0.7, 1, '0000-00-00 00:00:00', '2014-09-25 23:17:52'),
	(138, 3, 2, 2, 2, '100%', 0.018, 5, 1, 0, 0, '0000-00-00 00:00:00', '2014-09-25 23:17:52'),
	(139, 3, 2, 2, 1, 'Above 100%', 0.02, 1, 1, 0, 0, '0000-00-00 00:00:00', '2014-09-25 23:17:52'),
	(140, 4, 2, 2, 3, '70% to 100%', 0.008, 4, 0, 0.7, 1, '0000-00-00 00:00:00', '2014-09-25 23:17:52'),
	(141, 4, 2, 2, 2, '100%', 0.018, 5, 1, 0, 0, '0000-00-00 00:00:00', '2014-09-25 23:17:52'),
	(142, 4, 2, 2, 1, 'Above 100%', 0.02, 1, 1, 0, 0, '0000-00-00 00:00:00', '2014-09-25 23:17:52'),
	(143, 5, 2, 2, 3, '70% to 100%', 0.008, 4, 0, 0.7, 1, '0000-00-00 00:00:00', '2014-09-25 23:17:53'),
	(144, 5, 2, 2, 2, '100%', 0.018, 5, 1, 0, 0, '0000-00-00 00:00:00', '2014-09-25 23:17:53'),
	(145, 5, 2, 2, 1, 'Above 100%', 0.02, 1, 1, 0, 0, '0000-00-00 00:00:00', '2014-09-25 23:17:53'),
	(146, 1, 2, 4, 2, '100%', 0, 5, 1, 0, 0, '0000-00-00 00:00:00', '2014-09-25 23:17:53'),
	(147, 1, 2, 4, 1, 'Above 100%', 0, 1, 1, 0, 0, '0000-00-00 00:00:00', '2014-09-25 23:17:53'),
	(148, 2, 2, 4, 2, '100%', 500, 5, 1, 0, 0, '0000-00-00 00:00:00', '2014-09-25 23:17:53'),
	(149, 2, 2, 4, 1, 'Above 100%', 700, 1, 1, 0, 0, '0000-00-00 00:00:00', '2014-09-25 23:17:53'),
	(150, 3, 2, 4, 2, '100%', 400, 5, 1, 0, 0, '0000-00-00 00:00:00', '2014-09-25 23:17:53'),
	(151, 3, 2, 4, 1, 'Above 100%', 600, 1, 1, 0, 0, '0000-00-00 00:00:00', '2014-09-25 23:17:53'),
	(152, 4, 2, 4, 2, '100%', 300, 5, 1, 0, 0, '0000-00-00 00:00:00', '2014-09-25 23:17:53'),
	(153, 4, 2, 4, 1, 'Above 100%', 500, 1, 1, 0, 0, '0000-00-00 00:00:00', '2014-09-25 23:17:53'),
	(154, 5, 2, 4, 2, '100%', 200, 5, 1, 0, 0, '0000-00-00 00:00:00', '2014-09-25 23:17:53'),
	(155, 5, 2, 4, 1, 'Above 100%', 400, 1, 1, 0, 0, '0000-00-00 00:00:00', '2014-09-25 23:17:53'),
	(156, 1, 2, 5, 2, '100%', 600, 5, 1, 0, 0, '0000-00-00 00:00:00', '2014-09-25 23:17:53'),
	(157, 1, 2, 5, 1, 'Above 100%', 800, 1, 1, 0, 0, '0000-00-00 00:00:00', '2014-09-25 23:17:54'),
	(158, 2, 2, 5, 2, '100%', 100, 5, 1, 0, 0, '0000-00-00 00:00:00', '2014-09-25 23:17:54'),
	(159, 2, 2, 5, 1, 'Above 100%', 200, 1, 1, 0, 0, '0000-00-00 00:00:00', '2014-09-25 23:17:54'),
	(160, 3, 2, 5, 2, '100%', 100, 5, 1, 0, 0, '0000-00-00 00:00:00', '2014-09-25 23:17:54'),
	(161, 3, 2, 5, 1, 'Above 100%', 200, 1, 1, 0, 0, '0000-00-00 00:00:00', '2014-09-25 23:17:54'),
	(162, 4, 2, 5, 2, '100%', 100, 5, 1, 0, 0, '0000-00-00 00:00:00', '2014-09-25 23:17:54'),
	(163, 4, 2, 5, 1, 'Above 100%', 200, 1, 1, 0, 0, '0000-00-00 00:00:00', '2014-09-25 23:17:54'),
	(164, 5, 2, 5, 2, '100%', 100, 5, 1, 0, 0, '0000-00-00 00:00:00', '2014-09-25 23:17:54'),
	(165, 5, 2, 5, 1, 'Above 100%', 200, 1, 1, 0, 0, '0000-00-00 00:00:00', '2014-09-25 23:17:54'),
	(166, 1, 2, 6, 1, '', 0, 5, 0, 0, 0, '0000-00-00 00:00:00', '2014-09-25 23:17:54'),
	(167, 2, 2, 6, 1, '', 300, 5, 0, 0, 0, '0000-00-00 00:00:00', '2014-09-25 23:17:54'),
	(168, 3, 2, 6, 1, '', 300, 5, 0, 0, 0, '0000-00-00 00:00:00', '2014-09-25 23:17:54'),
	(169, 4, 2, 6, 1, '', 300, 5, 0, 0, 0, '0000-00-00 00:00:00', '2014-09-25 23:17:54'),
	(170, 5, 2, 6, 1, '', 300, 5, 0, 0, 0, '0000-00-00 00:00:00', '2014-09-25 23:17:54'),
	(171, 1, 3, 0, 4, '70% to 100%', 0, 4, 0, 1, 0.7, '0000-00-00 00:00:00', '2014-09-25 23:17:55'),
	(172, 1, 3, 0, 3, '100%', 3000, 5, 1, 0, 0, '0000-00-00 00:00:00', '2014-09-25 23:17:55'),
	(173, 1, 3, 0, 2, '100%', 5000, 1, 1, 0, 0, '0000-00-00 00:00:00', '2014-09-25 23:17:55'),
	(174, 1, 3, 0, 1, '120%', 12000, 1, 1.2, 0, 0, '0000-00-00 00:00:00', '2014-09-25 23:17:55'),
	(175, 2, 3, 0, 4, '70% to 100%', 800, 4, 0, 1, 0.7, '0000-00-00 00:00:00', '2014-09-25 23:17:55'),
	(176, 2, 3, 0, 3, '100%', 1000, 5, 1, 0, 0, '0000-00-00 00:00:00', '2014-09-25 23:17:55'),
	(177, 2, 3, 0, 2, '100%', 1150, 1, 1, 0, 0, '0000-00-00 00:00:00', '2014-09-25 23:17:55'),
	(178, 2, 3, 0, 1, '120%', 1500, 1, 1.2, 0, 0, '0000-00-00 00:00:00', '2014-09-25 23:17:55'),
	(179, 3, 3, 0, 4, '70% to 100%', 600, 4, 0, 1, 0.7, '0000-00-00 00:00:00', '2014-09-25 23:17:55'),
	(180, 3, 3, 0, 3, '100%', 800, 5, 1, 0, 0, '0000-00-00 00:00:00', '2014-09-25 23:17:55'),
	(181, 3, 3, 0, 2, '100%', 865, 1, 1, 0, 0, '0000-00-00 00:00:00', '2014-09-25 23:17:55'),
	(182, 3, 3, 0, 1, '120%', 1500, 1, 1.2, 0, 0, '0000-00-00 00:00:00', '2014-09-25 23:17:55'),
	(183, 4, 3, 0, 4, '70% to 100%', 400, 4, 0, 1, 0.7, '0000-00-00 00:00:00', '2014-09-25 23:17:55'),
	(184, 4, 3, 0, 3, '100%', 550, 5, 1, 0, 0, '0000-00-00 00:00:00', '2014-09-25 23:17:55'),
	(185, 4, 3, 0, 2, '100%', 550, 1, 1, 0, 0, '0000-00-00 00:00:00', '2014-09-25 23:17:56'),
	(186, 4, 3, 0, 1, '120%', 1500, 1, 1.2, 0, 0, '0000-00-00 00:00:00', '2014-09-25 23:17:56'),
	(187, 5, 3, 0, 4, '70% to 100%', 300, 4, 0, 1, 0.7, '0000-00-00 00:00:00', '2014-09-25 23:17:56'),
	(188, 5, 3, 0, 3, '100%', 400, 5, 1, 0, 0, '0000-00-00 00:00:00', '2014-09-25 23:17:56'),
	(189, 5, 3, 0, 2, '100%', 450, 1, 1, 0, 0, '0000-00-00 00:00:00', '2014-09-25 23:17:56'),
	(190, 5, 3, 0, 1, '120%', 1500, 1, 1.2, 0, 0, '0000-00-00 00:00:00', '2014-09-25 23:17:56'),
	(191, 1, 3, 1, 2, '80% to 99%', 0, 4, 0, 0.99, 0.8, '0000-00-00 00:00:00', '2014-09-25 23:17:56'),
	(192, 1, 3, 1, 1, '100% or Above', 2000, 4, 0, 10, 1, '0000-00-00 00:00:00', '2014-09-25 23:17:56'),
	(193, 2, 3, 1, 2, '80% to 99%', 900, 4, 0, 0.99, 0.8, '0000-00-00 00:00:00', '2014-09-25 23:17:56'),
	(194, 2, 3, 1, 1, '100% or Above', 1000, 4, 0, 10, 1, '0000-00-00 00:00:00', '2014-09-25 23:17:56'),
	(195, 3, 3, 1, 2, '80% to 99%', 600, 4, 0, 0.99, 0.8, '0000-00-00 00:00:00', '2014-09-25 23:17:56'),
	(196, 3, 3, 1, 1, '100% or Above', 800, 4, 0, 10, 1, '0000-00-00 00:00:00', '2014-09-25 23:17:56'),
	(197, 4, 3, 1, 2, '80% to 99%', 500, 4, 0, 0.99, 0.8, '0000-00-00 00:00:00', '2014-09-25 23:17:56'),
	(198, 4, 3, 1, 1, '100% or Above', 500, 4, 0, 10, 1, '0000-00-00 00:00:00', '2014-09-25 23:17:56'),
	(199, 5, 3, 1, 2, '80% to 99%', 400, 4, 0, 0.99, 0.8, '0000-00-00 00:00:00', '2014-09-25 23:17:57'),
	(200, 5, 3, 1, 1, '100% or Above', 400, 4, 0, 10, 1, '0000-00-00 00:00:00', '2014-09-25 23:17:57'),
	(201, 1, 3, 3, 3, '80% to 99%', 0, 4, 0, 0.99, 0.8, '0000-00-00 00:00:00', '2014-09-25 23:17:57'),
	(202, 1, 3, 3, 2, '100%', 0, 5, 1, 0, 0, '0000-00-00 00:00:00', '2014-09-25 23:17:57'),
	(203, 1, 3, 3, 1, 'Above 100%', 0, 1, 1, 0, 0, '0000-00-00 00:00:00', '2014-09-25 23:17:57'),
	(204, 2, 3, 3, 3, '80% to 99%', 0.004, 4, 0, 0.99, 0.8, '0000-00-00 00:00:00', '2014-09-25 23:17:57'),
	(205, 2, 3, 3, 2, '100%', 0.009, 5, 1, 0, 0, '0000-00-00 00:00:00', '2014-09-25 23:17:57'),
	(206, 2, 3, 3, 1, 'Above 100%', 0.011, 1, 1, 0, 0, '0000-00-00 00:00:00', '2014-09-25 23:17:57'),
	(207, 3, 3, 3, 3, '80% to 99%', 0.004, 4, 0, 0.99, 0.8, '0000-00-00 00:00:00', '2014-09-25 23:17:57'),
	(208, 3, 3, 3, 2, '100%', 0.009, 5, 1, 0, 0, '0000-00-00 00:00:00', '2014-09-25 23:17:57'),
	(209, 3, 3, 3, 1, 'Above 100%', 0.011, 1, 1, 0, 0, '0000-00-00 00:00:00', '2014-09-25 23:17:57'),
	(210, 4, 3, 3, 3, '80% to 99%', 0.004, 4, 0, 0.99, 0.8, '0000-00-00 00:00:00', '2014-09-25 23:17:57'),
	(211, 4, 3, 3, 2, '100%', 0.009, 5, 1, 0, 0, '0000-00-00 00:00:00', '2014-09-25 23:17:57'),
	(212, 4, 3, 3, 1, 'Above 100%', 0.011, 1, 1, 0, 0, '0000-00-00 00:00:00', '2014-09-25 23:17:58'),
	(213, 5, 3, 3, 3, '80% to 99%', 0.004, 4, 0, 0.99, 0.8, '0000-00-00 00:00:00', '2014-09-25 23:17:58'),
	(214, 5, 3, 3, 2, '100%', 0.009, 5, 1, 0, 0, '0000-00-00 00:00:00', '2014-09-25 23:17:58'),
	(215, 5, 3, 3, 1, 'Above 100%', 0.011, 1, 1, 0, 0, '0000-00-00 00:00:00', '2014-09-25 23:17:58'),
	(216, 1, 3, 2, 3, '70% to 100%', 0, 4, 0, 0.7, 1, '0000-00-00 00:00:00', '2014-09-25 23:17:58'),
	(217, 1, 3, 2, 2, '100%', 0, 5, 1, 0, 0, '0000-00-00 00:00:00', '2014-09-25 23:17:58'),
	(218, 1, 3, 2, 1, 'Above 100%', 0, 1, 1, 0, 0, '0000-00-00 00:00:00', '2014-09-25 23:17:58'),
	(219, 2, 3, 2, 3, '70% to 100%', 0.008, 4, 0, 0.7, 1, '0000-00-00 00:00:00', '2014-09-25 23:17:58'),
	(220, 2, 3, 2, 2, '100%', 0.018, 5, 1, 0, 0, '0000-00-00 00:00:00', '2014-09-25 23:17:58'),
	(221, 2, 3, 2, 1, 'Above 100%', 0.02, 1, 1, 0, 0, '0000-00-00 00:00:00', '2014-09-25 23:17:58'),
	(222, 3, 3, 2, 3, '70% to 100%', 0.008, 4, 0, 0.7, 1, '0000-00-00 00:00:00', '2014-09-25 23:17:58'),
	(223, 3, 3, 2, 2, '100%', 0.018, 5, 1, 0, 0, '0000-00-00 00:00:00', '2014-09-25 23:17:58'),
	(224, 3, 3, 2, 1, 'Above 100%', 0.02, 1, 1, 0, 0, '0000-00-00 00:00:00', '2014-09-25 23:17:58'),
	(225, 4, 3, 2, 3, '70% to 100%', 0.008, 4, 0, 0.7, 1, '0000-00-00 00:00:00', '2014-09-25 23:17:58'),
	(226, 4, 3, 2, 2, '100%', 0.018, 5, 1, 0, 0, '0000-00-00 00:00:00', '2014-09-25 23:17:59'),
	(227, 4, 3, 2, 1, 'Above 100%', 0.02, 1, 1, 0, 0, '0000-00-00 00:00:00', '2014-09-25 23:17:59'),
	(228, 5, 3, 2, 3, '70% to 100%', 0.008, 4, 0, 0.7, 1, '0000-00-00 00:00:00', '2014-09-25 23:17:59'),
	(229, 5, 3, 2, 2, '100%', 0.018, 5, 1, 0, 0, '0000-00-00 00:00:00', '2014-09-25 23:17:59'),
	(230, 5, 3, 2, 1, 'Above 100%', 0.02, 1, 1, 0, 0, '0000-00-00 00:00:00', '2014-09-25 23:17:59'),
	(231, 1, 3, 4, 2, '100%', 0, 5, 1, 0, 0, '0000-00-00 00:00:00', '2014-09-25 23:17:59'),
	(232, 1, 3, 4, 1, 'Above 100%', 0, 1, 1, 0, 0, '0000-00-00 00:00:00', '2014-09-25 23:17:59'),
	(233, 2, 3, 4, 2, '100%', 500, 5, 1, 0, 0, '0000-00-00 00:00:00', '2014-09-25 23:17:59'),
	(234, 2, 3, 4, 1, 'Above 100%', 700, 1, 1, 0, 0, '0000-00-00 00:00:00', '2014-09-25 23:17:59'),
	(235, 3, 3, 4, 2, '100%', 400, 5, 1, 0, 0, '0000-00-00 00:00:00', '2014-09-25 23:17:59'),
	(236, 3, 3, 4, 1, 'Above 100%', 600, 1, 1, 0, 0, '0000-00-00 00:00:00', '2014-09-25 23:17:59'),
	(237, 4, 3, 4, 2, '100%', 300, 5, 1, 0, 0, '0000-00-00 00:00:00', '2014-09-25 23:17:59'),
	(238, 4, 3, 4, 1, 'Above 100%', 500, 1, 1, 0, 0, '0000-00-00 00:00:00', '2014-09-25 23:17:59'),
	(239, 5, 3, 4, 2, '100%', 200, 5, 1, 0, 0, '0000-00-00 00:00:00', '2014-09-25 23:17:59'),
	(240, 5, 3, 4, 1, 'Above 100%', 400, 1, 1, 0, 0, '0000-00-00 00:00:00', '2014-09-25 23:18:00'),
	(241, 1, 3, 5, 2, '100%', 600, 5, 1, 0, 0, '0000-00-00 00:00:00', '2014-09-25 23:18:00'),
	(242, 1, 3, 5, 1, 'Above 100%', 800, 1, 1, 0, 0, '0000-00-00 00:00:00', '2014-09-25 23:18:00'),
	(243, 2, 3, 5, 2, '100%', 100, 5, 1, 0, 0, '0000-00-00 00:00:00', '2014-09-25 23:18:00'),
	(244, 2, 3, 5, 1, 'Above 100%', 200, 1, 1, 0, 0, '0000-00-00 00:00:00', '2014-09-25 23:18:00'),
	(245, 3, 3, 5, 2, '100%', 100, 5, 1, 0, 0, '0000-00-00 00:00:00', '2014-09-25 23:18:00'),
	(246, 3, 3, 5, 1, 'Above 100%', 200, 1, 1, 0, 0, '0000-00-00 00:00:00', '2014-09-25 23:18:00'),
	(247, 4, 3, 5, 2, '100%', 100, 5, 1, 0, 0, '0000-00-00 00:00:00', '2014-09-25 23:18:00'),
	(248, 4, 3, 5, 1, 'Above 100%', 200, 1, 1, 0, 0, '0000-00-00 00:00:00', '2014-09-25 23:18:00'),
	(249, 5, 3, 5, 2, '100%', 100, 5, 1, 0, 0, '0000-00-00 00:00:00', '2014-09-25 23:18:00'),
	(250, 5, 3, 5, 1, 'Above 100%', 200, 1, 1, 0, 0, '0000-00-00 00:00:00', '2014-09-25 23:18:00'),
	(251, 1, 3, 6, 1, '', 0, 5, 0, 0, 0, '0000-00-00 00:00:00', '2014-09-25 23:18:00'),
	(252, 2, 3, 6, 1, '', 300, 5, 0, 0, 0, '0000-00-00 00:00:00', '2014-09-25 23:18:00'),
	(253, 3, 3, 6, 1, '', 300, 5, 0, 0, 0, '0000-00-00 00:00:00', '2014-09-25 23:18:00'),
	(254, 4, 3, 6, 1, '', 300, 5, 0, 0, 0, '0000-00-00 00:00:00', '2014-09-25 23:18:01'),
	(255, 5, 3, 6, 1, '', 300, 5, 0, 0, 0, '0000-00-00 00:00:00', '2014-09-25 23:18:01'),
	(256, 1, 4, 0, 4, '70% to 100%', 0, 4, 0, 1, 0.7, '0000-00-00 00:00:00', '2014-09-25 23:18:01'),
	(257, 1, 4, 0, 3, '100%', 3000, 5, 1, 0, 0, '0000-00-00 00:00:00', '2014-09-25 23:18:01'),
	(258, 1, 4, 0, 2, '100%', 5000, 1, 1, 0, 0, '0000-00-00 00:00:00', '2014-09-25 23:18:01'),
	(259, 1, 4, 0, 1, '120%', 12000, 1, 1.2, 0, 0, '0000-00-00 00:00:00', '2014-09-25 23:18:01'),
	(260, 2, 4, 0, 4, '70% to 100%', 800, 4, 0, 1, 0.7, '0000-00-00 00:00:00', '2014-09-25 23:18:01'),
	(261, 2, 4, 0, 3, '100%', 1000, 5, 1, 0, 0, '0000-00-00 00:00:00', '2014-09-25 23:18:01'),
	(262, 2, 4, 0, 2, '100%', 1150, 1, 1, 0, 0, '0000-00-00 00:00:00', '2014-09-25 23:18:01'),
	(263, 2, 4, 0, 1, '120%', 1500, 1, 1.2, 0, 0, '0000-00-00 00:00:00', '2014-09-25 23:18:02'),
	(264, 3, 4, 0, 4, '70% to 100%', 600, 4, 0, 1, 0.7, '0000-00-00 00:00:00', '2014-09-25 23:18:02'),
	(265, 3, 4, 0, 3, '100%', 800, 5, 1, 0, 0, '0000-00-00 00:00:00', '2014-09-25 23:18:02'),
	(266, 3, 4, 0, 2, '100%', 865, 1, 1, 0, 0, '0000-00-00 00:00:00', '2014-09-25 23:18:02'),
	(267, 3, 4, 0, 1, '120%', 1500, 1, 1.2, 0, 0, '0000-00-00 00:00:00', '2014-09-25 23:18:02'),
	(268, 4, 4, 0, 4, '70% to 100%', 400, 4, 0, 1, 0.7, '0000-00-00 00:00:00', '2014-09-25 23:18:02'),
	(269, 4, 4, 0, 3, '100%', 550, 5, 1, 0, 0, '0000-00-00 00:00:00', '2014-09-25 23:18:02'),
	(270, 4, 4, 0, 2, '100%', 550, 1, 1, 0, 0, '0000-00-00 00:00:00', '2014-09-25 23:18:02'),
	(271, 4, 4, 0, 1, '120%', 1500, 1, 1.2, 0, 0, '0000-00-00 00:00:00', '2014-09-25 23:18:02'),
	(272, 5, 4, 0, 4, '70% to 100%', 300, 4, 0, 1, 0.7, '0000-00-00 00:00:00', '2014-09-25 23:18:02'),
	(273, 5, 4, 0, 3, '100%', 400, 5, 1, 0, 0, '0000-00-00 00:00:00', '2014-09-25 23:18:02'),
	(274, 5, 4, 0, 2, '100%', 450, 1, 1, 0, 0, '0000-00-00 00:00:00', '2014-09-25 23:18:02'),
	(275, 5, 4, 0, 1, '120%', 1500, 1, 1.2, 0, 0, '0000-00-00 00:00:00', '2014-09-25 23:18:03'),
	(276, 1, 4, 1, 2, '80% to 99%', 0, 4, 0, 0.99, 0.8, '0000-00-00 00:00:00', '2014-09-25 23:18:03'),
	(277, 1, 4, 1, 1, '100% or Above', 2000, 4, 0, 10, 1, '0000-00-00 00:00:00', '2014-09-25 23:18:03'),
	(278, 2, 4, 1, 2, '80% to 99%', 900, 4, 0, 0.99, 0.8, '0000-00-00 00:00:00', '2014-09-25 23:18:03'),
	(279, 2, 4, 1, 1, '100% or Above', 1000, 4, 0, 10, 1, '0000-00-00 00:00:00', '2014-09-25 23:18:03'),
	(280, 3, 4, 1, 2, '80% to 99%', 600, 4, 0, 0.99, 0.8, '0000-00-00 00:00:00', '2014-09-25 23:18:03'),
	(281, 3, 4, 1, 1, '100% or Above', 800, 4, 0, 10, 1, '0000-00-00 00:00:00', '2014-09-25 23:18:03'),
	(282, 4, 4, 1, 2, '80% to 99%', 500, 4, 0, 0.99, 0.8, '0000-00-00 00:00:00', '2014-09-25 23:18:03'),
	(283, 4, 4, 1, 1, '100% or Above', 500, 4, 0, 10, 1, '0000-00-00 00:00:00', '2014-09-25 23:18:03'),
	(284, 5, 4, 1, 2, '80% to 99%', 400, 4, 0, 0.99, 0.8, '0000-00-00 00:00:00', '2014-09-25 23:18:03'),
	(285, 5, 4, 1, 1, '100% or Above', 400, 4, 0, 10, 1, '0000-00-00 00:00:00', '2014-09-25 23:18:03'),
	(286, 1, 4, 3, 3, '80% to 99%', 0, 4, 0, 0.99, 0.8, '0000-00-00 00:00:00', '2014-09-25 23:18:03'),
	(287, 1, 4, 3, 2, '100%', 0, 5, 1, 0, 0, '0000-00-00 00:00:00', '2014-09-25 23:18:03'),
	(288, 1, 4, 3, 1, 'Above 100%', 0, 1, 1, 0, 0, '0000-00-00 00:00:00', '2014-09-25 23:18:04'),
	(289, 2, 4, 3, 3, '80% to 99%', 0.004, 4, 0, 0.99, 0.8, '0000-00-00 00:00:00', '2014-09-25 23:18:04'),
	(290, 2, 4, 3, 2, '100%', 0.009, 5, 1, 0, 0, '0000-00-00 00:00:00', '2014-09-25 23:18:04'),
	(291, 2, 4, 3, 1, 'Above 100%', 0.011, 1, 1, 0, 0, '0000-00-00 00:00:00', '2014-09-25 23:18:04'),
	(292, 3, 4, 3, 3, '80% to 99%', 0.004, 4, 0, 0.99, 0.8, '0000-00-00 00:00:00', '2014-09-25 23:18:04'),
	(293, 3, 4, 3, 2, '100%', 0.009, 5, 1, 0, 0, '0000-00-00 00:00:00', '2014-09-25 23:18:04'),
	(294, 3, 4, 3, 1, 'Above 100%', 0.011, 1, 1, 0, 0, '0000-00-00 00:00:00', '2014-09-25 23:18:04'),
	(295, 4, 4, 3, 3, '80% to 99%', 0.004, 4, 0, 0.99, 0.8, '0000-00-00 00:00:00', '2014-09-25 23:18:04'),
	(296, 4, 4, 3, 2, '100%', 0.009, 5, 1, 0, 0, '0000-00-00 00:00:00', '2014-09-25 23:18:04'),
	(297, 4, 4, 3, 1, 'Above 100%', 0.011, 1, 1, 0, 0, '0000-00-00 00:00:00', '2014-09-25 23:18:04'),
	(298, 5, 4, 3, 3, '80% to 99%', 0.004, 4, 0, 0.99, 0.8, '0000-00-00 00:00:00', '2014-09-25 23:18:04'),
	(299, 5, 4, 3, 2, '100%', 0.009, 5, 1, 0, 0, '0000-00-00 00:00:00', '2014-09-25 23:18:04'),
	(300, 5, 4, 3, 1, 'Above 100%', 0.011, 1, 1, 0, 0, '0000-00-00 00:00:00', '2014-09-25 23:18:04'),
	(301, 1, 4, 2, 3, '70% to 100%', 0, 4, 0, 0.7, 1, '0000-00-00 00:00:00', '2014-09-25 23:18:04'),
	(302, 1, 4, 2, 2, '100%', 0, 5, 1, 0, 0, '0000-00-00 00:00:00', '2014-09-25 23:18:05'),
	(303, 1, 4, 2, 1, 'Above 100%', 0, 1, 1, 0, 0, '0000-00-00 00:00:00', '2014-09-25 23:18:05'),
	(304, 2, 4, 2, 3, '70% to 100%', 0.008, 4, 0, 0.7, 1, '0000-00-00 00:00:00', '2014-09-25 23:18:05'),
	(305, 2, 4, 2, 2, '100%', 0.018, 5, 1, 0, 0, '0000-00-00 00:00:00', '2014-09-25 23:18:05'),
	(306, 2, 4, 2, 1, 'Above 100%', 0.02, 1, 1, 0, 0, '0000-00-00 00:00:00', '2014-09-25 23:18:05'),
	(307, 3, 4, 2, 3, '70% to 100%', 0.008, 4, 0, 0.7, 1, '0000-00-00 00:00:00', '2014-09-25 23:18:05'),
	(308, 3, 4, 2, 2, '100%', 0.018, 5, 1, 0, 0, '0000-00-00 00:00:00', '2014-09-25 23:18:05'),
	(309, 3, 4, 2, 1, 'Above 100%', 0.02, 1, 1, 0, 0, '0000-00-00 00:00:00', '2014-09-25 23:18:05'),
	(310, 4, 4, 2, 3, '70% to 100%', 0.008, 4, 0, 0.7, 1, '0000-00-00 00:00:00', '2014-09-25 23:18:05'),
	(311, 4, 4, 2, 2, '100%', 0.018, 5, 1, 0, 0, '0000-00-00 00:00:00', '2014-09-25 23:18:05'),
	(312, 4, 4, 2, 1, 'Above 100%', 0.02, 1, 1, 0, 0, '0000-00-00 00:00:00', '2014-09-25 23:18:05'),
	(313, 5, 4, 2, 3, '70% to 100%', 0.008, 4, 0, 0.7, 1, '0000-00-00 00:00:00', '2014-09-25 23:18:05'),
	(314, 5, 4, 2, 2, '100%', 0.018, 5, 1, 0, 0, '0000-00-00 00:00:00', '2014-09-25 23:18:05'),
	(315, 5, 4, 2, 1, 'Above 100%', 0.02, 1, 1, 0, 0, '0000-00-00 00:00:00', '2014-09-25 23:18:05'),
	(316, 1, 4, 4, 2, '100%', 0, 5, 1, 0, 0, '0000-00-00 00:00:00', '2014-09-25 23:18:06'),
	(317, 1, 4, 4, 1, 'Above 100%', 0, 1, 1, 0, 0, '0000-00-00 00:00:00', '2014-09-25 23:18:06'),
	(318, 2, 4, 4, 2, '100%', 500, 5, 1, 0, 0, '0000-00-00 00:00:00', '2014-09-25 23:18:06'),
	(319, 2, 4, 4, 1, 'Above 100%', 700, 1, 1, 0, 0, '0000-00-00 00:00:00', '2014-09-25 23:18:06'),
	(320, 3, 4, 4, 2, '100%', 400, 5, 1, 0, 0, '0000-00-00 00:00:00', '2014-09-25 23:18:06'),
	(321, 3, 4, 4, 1, 'Above 100%', 600, 1, 1, 0, 0, '0000-00-00 00:00:00', '2014-09-25 23:18:06'),
	(322, 4, 4, 4, 2, '100%', 300, 5, 1, 0, 0, '0000-00-00 00:00:00', '2014-09-25 23:18:06'),
	(323, 4, 4, 4, 1, 'Above 100%', 500, 1, 1, 0, 0, '0000-00-00 00:00:00', '2014-09-25 23:18:06'),
	(324, 5, 4, 4, 2, '100%', 200, 5, 1, 0, 0, '0000-00-00 00:00:00', '2014-09-25 23:18:06'),
	(325, 5, 4, 4, 1, 'Above 100%', 400, 1, 1, 0, 0, '0000-00-00 00:00:00', '2014-09-25 23:18:06'),
	(326, 1, 4, 5, 2, '100%', 600, 5, 1, 0, 0, '0000-00-00 00:00:00', '2014-09-25 23:18:06'),
	(327, 1, 4, 5, 1, 'Above 100%', 800, 1, 1, 0, 0, '0000-00-00 00:00:00', '2014-09-25 23:18:06'),
	(328, 2, 4, 5, 2, '100%', 100, 5, 1, 0, 0, '0000-00-00 00:00:00', '2014-09-25 23:18:06'),
	(329, 2, 4, 5, 1, 'Above 100%', 200, 1, 1, 0, 0, '0000-00-00 00:00:00', '2014-09-25 23:18:06'),
	(330, 3, 4, 5, 2, '100%', 100, 5, 1, 0, 0, '0000-00-00 00:00:00', '2014-09-25 23:18:07'),
	(331, 3, 4, 5, 1, 'Above 100%', 200, 1, 1, 0, 0, '0000-00-00 00:00:00', '2014-09-25 23:18:07'),
	(332, 4, 4, 5, 2, '100%', 100, 5, 1, 0, 0, '0000-00-00 00:00:00', '2014-09-25 23:18:07'),
	(333, 4, 4, 5, 1, 'Above 100%', 200, 1, 1, 0, 0, '0000-00-00 00:00:00', '2014-09-25 23:18:07'),
	(334, 5, 4, 5, 2, '100%', 100, 5, 1, 0, 0, '0000-00-00 00:00:00', '2014-09-25 23:18:07'),
	(335, 5, 4, 5, 1, 'Above 100%', 200, 1, 1, 0, 0, '0000-00-00 00:00:00', '2014-09-25 23:18:07'),
	(336, 1, 4, 6, 1, '', 0, 5, 0, 0, 0, '0000-00-00 00:00:00', '2014-09-25 23:18:07'),
	(337, 2, 4, 6, 1, '', 300, 5, 0, 0, 0, '0000-00-00 00:00:00', '2014-09-25 23:18:07'),
	(338, 3, 4, 6, 1, '', 300, 5, 0, 0, 0, '0000-00-00 00:00:00', '2014-09-25 23:18:07'),
	(339, 4, 4, 6, 1, '', 300, 5, 0, 0, 0, '0000-00-00 00:00:00', '2014-09-25 23:18:07'),
	(340, 5, 4, 6, 1, '', 300, 5, 0, 0, 0, '0000-00-00 00:00:00', '2014-09-25 23:18:07'),
	(341, 2, 5, 0, 4, '70% to 100%', 800, 4, 0, 1, 0.7, '0000-00-00 00:00:00', '2014-09-25 23:18:07'),
	(342, 2, 5, 0, 3, '100%', 1200, 5, 1, 0, 0, '0000-00-00 00:00:00', '2014-09-25 23:18:07'),
	(343, 2, 5, 0, 2, 'Above 100%', 1350, 1, 1, 0, 0, '0000-00-00 00:00:00', '2014-09-25 23:18:07'),
	(344, 2, 5, 0, 1, 'Above 120%', 1500, 1, 1.2, 0, 0, '0000-00-00 00:00:00', '2014-09-25 23:18:08'),
	(345, 3, 5, 0, 4, '70% to 100%', 600, 4, 0, 1, 0.7, '0000-00-00 00:00:00', '2014-09-25 23:18:08'),
	(346, 3, 5, 0, 3, '100%', 900, 5, 1, 0, 0, '0000-00-00 00:00:00', '2014-09-25 23:18:08'),
	(347, 3, 5, 0, 2, 'Above 100%', 1000, 1, 1, 0, 0, '0000-00-00 00:00:00', '2014-09-25 23:18:08'),
	(348, 3, 5, 0, 1, 'Above 120%', 1500, 1, 1.2, 0, 0, '0000-00-00 00:00:00', '2014-09-25 23:18:08'),
	(349, 4, 5, 0, 4, '70% to 100%', 400, 4, 0, 1, 0.7, '0000-00-00 00:00:00', '2014-09-25 23:18:08'),
	(350, 4, 5, 0, 3, '100%', 700, 5, 1, 0, 0, '0000-00-00 00:00:00', '2014-09-25 23:18:08'),
	(351, 4, 5, 0, 2, 'Above 100%', 800, 1, 1, 0, 0, '0000-00-00 00:00:00', '2014-09-25 23:18:08'),
	(352, 4, 5, 0, 1, 'Above 120%', 1500, 1, 1.2, 0, 0, '0000-00-00 00:00:00', '2014-09-25 23:18:08'),
	(353, 5, 5, 0, 4, '70% to 100%', 300, 4, 0, 1, 0.7, '0000-00-00 00:00:00', '2014-09-25 23:18:08'),
	(354, 5, 5, 0, 3, '100%', 500, 5, 1, 0, 0, '0000-00-00 00:00:00', '2014-09-25 23:18:08'),
	(355, 5, 5, 0, 2, 'Above 100%', 600, 1, 1, 0, 0, '0000-00-00 00:00:00', '2014-09-25 23:18:08'),
	(356, 5, 5, 0, 1, 'Above 120%', 1500, 1, 1.2, 0, 0, '0000-00-00 00:00:00', '2014-09-25 23:18:08'),
	(357, 2, 5, 7, 3, '80% to 99%', 0.004, 4, 0, 0.99, 0.8, '0000-00-00 00:00:00', '2014-09-25 23:18:08'),
	(358, 2, 5, 7, 2, '100%', 0.006, 5, 1, 0, 0, '0000-00-00 00:00:00', '2014-09-25 23:18:09'),
	(359, 2, 5, 7, 1, 'Above 100%', 0.008, 1, 1, 0, 0, '0000-00-00 00:00:00', '2014-09-25 23:18:09'),
	(360, 3, 5, 7, 3, '80% to 99%', 0.004, 4, 0, 0.99, 0.8, '0000-00-00 00:00:00', '2014-09-25 23:18:09'),
	(361, 3, 5, 7, 2, '100%', 0.006, 5, 1, 0, 0, '0000-00-00 00:00:00', '2014-09-25 23:18:09'),
	(362, 3, 5, 7, 1, 'Above 100%', 0.008, 1, 1, 0, 0, '0000-00-00 00:00:00', '2014-09-25 23:18:09'),
	(363, 4, 5, 7, 3, '80% to 99%', 0.004, 4, 0, 0.99, 0.8, '0000-00-00 00:00:00', '2014-09-25 23:18:09'),
	(364, 4, 5, 7, 2, '100%', 0.006, 5, 1, 0, 0, '0000-00-00 00:00:00', '2014-09-25 23:18:09'),
	(365, 4, 5, 7, 1, 'Above 100%', 0.008, 1, 1, 0, 0, '0000-00-00 00:00:00', '2014-09-25 23:18:09'),
	(366, 5, 5, 7, 3, '80% to 99%', 0.004, 4, 0, 0.99, 0.8, '0000-00-00 00:00:00', '2014-09-25 23:18:09'),
	(367, 5, 5, 7, 2, '100%', 0.006, 5, 1, 0, 0, '0000-00-00 00:00:00', '2014-09-25 23:18:09'),
	(368, 5, 5, 7, 1, 'Above 100%', 0.008, 1, 1, 0, 0, '0000-00-00 00:00:00', '2014-09-25 23:18:09'),
	(369, 2, 5, 8, 3, '70% to 100%', 0.011, 4, 0, 1, 0.7, '0000-00-00 00:00:00', '2014-09-25 23:18:09'),
	(370, 2, 5, 8, 2, '100%', 0.021, 5, 1, 0, 0, '0000-00-00 00:00:00', '2014-09-25 23:18:09'),
	(371, 2, 5, 8, 1, 'Above 100%', 0.023, 1, 1, 0, 0, '0000-00-00 00:00:00', '2014-09-25 23:18:09'),
	(372, 3, 5, 8, 3, '70% to 100%', 0.011, 4, 0, 1, 0.7, '0000-00-00 00:00:00', '2014-09-25 23:18:09'),
	(373, 3, 5, 8, 2, '100%', 0.021, 5, 1, 0, 0, '0000-00-00 00:00:00', '2014-09-25 23:18:10'),
	(374, 3, 5, 8, 1, 'Above 100%', 0.023, 1, 1, 0, 0, '0000-00-00 00:00:00', '2014-09-25 23:18:10'),
	(375, 4, 5, 8, 3, '70% to 100%', 0.011, 4, 0, 1, 0.7, '0000-00-00 00:00:00', '2014-09-25 23:18:10'),
	(376, 4, 5, 8, 2, '100%', 0.021, 5, 1, 0, 0, '0000-00-00 00:00:00', '2014-09-25 23:18:10'),
	(377, 4, 5, 8, 1, 'Above 100%', 0.023, 1, 1, 0, 0, '0000-00-00 00:00:00', '2014-09-25 23:18:10'),
	(378, 5, 5, 8, 3, '70% to 100%', 0.011, 4, 0, 1, 0.7, '0000-00-00 00:00:00', '2014-09-25 23:18:10'),
	(379, 5, 5, 8, 2, '100%', 0.021, 5, 1, 0, 0, '0000-00-00 00:00:00', '2014-09-25 23:18:10'),
	(380, 5, 5, 8, 1, 'Above 100%', 0.023, 1, 1, 0, 0, '0000-00-00 00:00:00', '2014-09-25 23:18:10'),
	(381, 2, 5, 5, 2, '100%', 500, 5, 1, 0, 0, '0000-00-00 00:00:00', '2014-09-25 23:18:10'),
	(382, 2, 5, 5, 1, 'Above 100%', 700, 1, 1, 0, 0, '0000-00-00 00:00:00', '2014-09-25 23:18:10'),
	(383, 3, 5, 5, 2, '100%', 400, 5, 1, 0, 0, '0000-00-00 00:00:00', '2014-09-25 23:18:10'),
	(384, 3, 5, 5, 1, 'Above 100%', 600, 1, 1, 0, 0, '0000-00-00 00:00:00', '2014-09-25 23:18:10'),
	(385, 4, 5, 5, 2, '100%', 300, 5, 1, 0, 0, '0000-00-00 00:00:00', '2014-09-25 23:18:10'),
	(386, 4, 5, 5, 1, 'Above 100%', 600, 1, 1, 0, 0, '0000-00-00 00:00:00', '2014-09-25 23:18:10'),
	(387, 5, 5, 5, 2, '100%', 200, 5, 1, 0, 0, '0000-00-00 00:00:00', '2014-09-25 23:18:11'),
	(388, 5, 5, 5, 1, 'Above 100%', 400, 1, 1, 0, 0, '0000-00-00 00:00:00', '2014-09-25 23:18:11');
/*!40000 ALTER TABLE `ruleinfo` ENABLE KEYS */;


-- 导出  表 laperla.shopinfo 结构
DROP TABLE IF EXISTS `shopinfo`;
CREATE TABLE IF NOT EXISTS `shopinfo` (
  `ShopId` bigint(20) NOT NULL AUTO_INCREMENT COMMENT '自增主键',
  `ShopName` varchar(200) NOT NULL COMMENT '店铺名',
  `ShopType` tinyint(4) NOT NULL DEFAULT '0' COMMENT '店铺类别',
  `DistrictId` bigint(20) NOT NULL DEFAULT '0',
  `DataChange_CreateTime` timestamp NOT NULL DEFAULT '0000-00-00 00:00:00' COMMENT '创建时间',
  `DataChange_LastTime` timestamp NOT NULL DEFAULT CURRENT_TIMESTAMP ON UPDATE CURRENT_TIMESTAMP COMMENT '最后更新时间',
  PRIMARY KEY (`ShopId`),
  KEY `Index_DataChange_LastTime` (`DataChange_LastTime`) USING BTREE
) ENGINE=InnoDB AUTO_INCREMENT=6 DEFAULT CHARSET=utf8 COMMENT='店铺表';

-- 正在导出表  laperla.shopinfo 的数据：~5 rows (大约)
/*!40000 ALTER TABLE `shopinfo` DISABLE KEYS */;
INSERT INTO `shopinfo` (`ShopId`, `ShopName`, `ShopType`, `DistrictId`, `DataChange_CreateTime`, `DataChange_LastTime`) VALUES
	(1, 'SK', 0, 1, '0000-00-00 00:00:00', '2014-09-25 23:17:38'),
	(2, 'PVG', 0, 1, '0000-00-00 00:00:00', '2014-09-25 23:17:38'),
	(3, 'OP', 0, 1, '0000-00-00 00:00:00', '2014-09-25 23:17:38'),
	(4, 'CW', 0, 1, '0000-00-00 00:00:00', '2014-09-25 23:17:38'),
	(5, 'OL', 1, 1, '0000-00-00 00:00:00', '2014-09-25 23:17:38');
/*!40000 ALTER TABLE `shopinfo` ENABLE KEYS */;


-- 导出  表 laperla.shopsaleinfo 结构
DROP TABLE IF EXISTS `shopsaleinfo`;
CREATE TABLE IF NOT EXISTS `shopsaleinfo` (
  `ShopSaleId` bigint(20) NOT NULL AUTO_INCREMENT COMMENT '自增主键',
  `Target` decimal(10,0) NOT NULL DEFAULT '0' COMMENT '目标销售额',
  `ShopId` bigint(20) NOT NULL DEFAULT '0' COMMENT '店铺Id',
  `ActualSalesWithTax` double NOT NULL DEFAULT '0' COMMENT '实际销售额含税',
  `Tax` double NOT NULL DEFAULT '0' COMMENT '税',
  `ActualSalesWithoutTax` double NOT NULL DEFAULT '0' COMMENT '实际销售额不含税',
  `ShopPool` double NOT NULL DEFAULT '0' COMMENT '店铺集合比',
  `Month` varchar(50) NOT NULL DEFAULT '0000-00' COMMENT '生效月份',
  `DistrictId` bigint(20) NOT NULL DEFAULT '0' COMMENT '地区Id',
  `Week` int(11) NOT NULL COMMENT '周序列',
  `TargetWeekSale` double NOT NULL DEFAULT '0' COMMENT '周目标销售额',
  `ActualWeekSale` double NOT NULL DEFAULT '0' COMMENT '周实际销售额',
  `DataChange_CreateTime` timestamp NOT NULL DEFAULT '0000-00-00 00:00:00' COMMENT '创建时间',
  `DataChange_LastTime` timestamp NOT NULL DEFAULT CURRENT_TIMESTAMP ON UPDATE CURRENT_TIMESTAMP COMMENT '最后更新时间',
  PRIMARY KEY (`ShopSaleId`),
  KEY `Index_DataChange_LastTime` (`DataChange_LastTime`) USING BTREE
) ENGINE=InnoDB AUTO_INCREMENT=13 DEFAULT CHARSET=utf8 COMMENT='店铺销售额表';

-- 正在导出表  laperla.shopsaleinfo 的数据：~6 rows (大约)
/*!40000 ALTER TABLE `shopsaleinfo` DISABLE KEYS */;
INSERT INTO `shopsaleinfo` (`ShopSaleId`, `Target`, `ShopId`, `ActualSalesWithTax`, `Tax`, `ActualSalesWithoutTax`, `ShopPool`, `Month`, `DistrictId`, `Week`, `TargetWeekSale`, `ActualWeekSale`, `DataChange_CreateTime`, `DataChange_LastTime`) VALUES
	(1, 643500, 1, 559049.5, 0, 559049.5, 0, '2014-06', 1, 22, 25313, 47648, '0000-00-00 00:00:00', '2014-09-25 23:17:39'),
	(2, 643500, 1, 559049.5, 0, 559049.5, 0, '2014-06', 1, 23, 155451, 66551, '0000-00-00 00:00:00', '2014-09-25 23:17:39'),
	(3, 643500, 1, 559049.5, 0, 559049.5, 0, '2014-06', 1, 24, 148221, 80023, '0000-00-00 00:00:00', '2014-09-25 23:17:39'),
	(4, 643500, 1, 559049.5, 0, 559049.5, 0, '2014-06', 1, 25, 148221, 148284, '0000-00-00 00:00:00', '2014-09-25 23:17:39'),
	(5, 643500, 1, 559049.5, 0, 559049.5, 0, '2014-06', 1, 26, 148221, 211889, '0000-00-00 00:00:00', '2014-09-25 23:17:39'),
	(6, 643500, 1, 559049.5, 0, 559049.5, 0, '2014-06', 1, 27, 18073, 4655, '0000-00-00 00:00:00', '2014-09-25 23:17:39'),
	(7, 105300, 2, 142452, 0, 142452, 0, '2014-06', 1, 22, 4141, 0, '0000-00-00 00:00:00', '2014-11-03 22:44:58'),
	(8, 105300, 2, 142452, 0, 142452, 0, '2014-06', 1, 23, 25438, 46087, '0000-00-00 00:00:00', '2014-11-03 22:44:59'),
	(9, 105300, 2, 142452, 0, 142452, 0, '2014-06', 1, 24, 24254, 34487, '0000-00-00 00:00:00', '2014-11-03 22:44:59'),
	(10, 105300, 2, 142452, 0, 142452, 0, '2014-06', 1, 25, 24254, 28085, '0000-00-00 00:00:00', '2014-11-03 22:44:59'),
	(11, 105300, 2, 142452, 0, 142452, 0, '2014-06', 1, 26, 24254, 33793, '0000-00-00 00:00:00', '2014-11-03 22:44:59'),
	(12, 105300, 2, 142452, 0, 142452, 0, '2014-06', 1, 27, 2959, 0, '0000-00-00 00:00:00', '2014-11-03 22:44:59');
/*!40000 ALTER TABLE `shopsaleinfo` ENABLE KEYS */;


-- 导出  表 laperla.userinfo 结构
DROP TABLE IF EXISTS `userinfo`;
CREATE TABLE IF NOT EXISTS `userinfo` (
  `UserId` bigint(20) NOT NULL AUTO_INCREMENT COMMENT '自增主键',
  `UserName` varchar(45) NOT NULL COMMENT '用户账号',
  `Password` varchar(45) NOT NULL COMMENT '密码',
  `LastLoginTime` datetime NOT NULL DEFAULT '0000-00-00 00:00:00' COMMENT '最后一次登入时间',
  `DataChange_CreateTime` timestamp NOT NULL DEFAULT '0000-00-00 00:00:00' COMMENT '创建时间',
  `DataChange_LastTime` timestamp NOT NULL DEFAULT CURRENT_TIMESTAMP ON UPDATE CURRENT_TIMESTAMP COMMENT '最后更新时间',
  PRIMARY KEY (`UserId`),
  KEY `Index_DataChange_LastTime` (`DataChange_LastTime`) USING BTREE
) ENGINE=InnoDB AUTO_INCREMENT=3 DEFAULT CHARSET=utf8 COMMENT='用户表';

-- 正在导出表  laperla.userinfo 的数据：~2 rows (大约)
/*!40000 ALTER TABLE `userinfo` DISABLE KEYS */;
INSERT INTO `userinfo` (`UserId`, `UserName`, `Password`, `LastLoginTime`, `DataChange_CreateTime`, `DataChange_LastTime`) VALUES
	(1, 'vince', '96e79218965eb72c92a549dd5a330112', '0000-00-00 00:00:00', '2014-09-10 16:11:40', '2014-09-10 16:11:58'),
	(2, 'tangnie', '123456', '0000-00-00 00:00:00', '2014-09-22 00:21:33', '2014-09-22 00:21:37');
/*!40000 ALTER TABLE `userinfo` ENABLE KEYS */;
/*!40101 SET SQL_MODE=IFNULL(@OLD_SQL_MODE, '') */;
/*!40014 SET FOREIGN_KEY_CHECKS=IF(@OLD_FOREIGN_KEY_CHECKS IS NULL, 1, @OLD_FOREIGN_KEY_CHECKS) */;
/*!40101 SET CHARACTER_SET_CLIENT=@OLD_CHARACTER_SET_CLIENT */;
